rokusottervanger@gmail.com : Rokus Ottervanger
robinsoetens@gmail.com : Robin Soetens
peterstmc@gmail.com : Ton Peters
rayman747@hotmail.com : Ramon Wijnands
reinzor@gmail.com : Rein Appeldoorn
luisfferreira@outlook.com : Luis Ferreira
s.a.m.coenen@student.tue.nl : Bas Coenen
b.mrkajic@student.tue.nl : Boris Mrkajic
b.willems@student.tue.nl : Bas Willems
marcodl@ipvs.uni-stuttgart.de : Daniel Di Marco
e.g.geerts@live.nl : Erik Geerts
erik.meijl@gmail.com : Erik van Meijl
h.vos@student.tue.nl : Harm Vos
j.w.c.j.denissen@student.tue.nl : Jean-Pierre Denissen
j.elfring@tue.nl : Jos Elfring
j.v.d.heuvel@student.tue.nl : Jimmy van den Heuvel
j.j.m.lunenburg@tue.nl : Janno Lunenburg
j.j.m.lunenburg@tue.nl : Janno Lunenburg
j.v.d.heuvel@student.tue.nl : Jimmy van den Heuvel
buys.koen@gmail.com : Koen Buys
k.v.tienhoven@student.tue.nl : Kris van Tienhoven
loy.vanbeek@gmail.com : Loy van Beek
loy.vanbeek@gmail.com : Loy van Beek
marcodl@ipvs.uni-stuttgart.de : Daniel Di Marco
m.j.j.baeten@student.tue.nl : Max Baeten
geelenmark17@gmail.com : Mark Geelen
n.e.bilterijst@student.tue.nl : Niek Bilterijst
n.j.dirkx@student.tue.nl : Nic Dirkx
p.m.g.metsemakers@student.tue.nl : Paul Metsemakers
h.c.m.jacobs@student.tue.nl : Ric Jacobs
r.j.m.janssen@tue.nl : Rob Janssen
s.a.m.coenen@student.tue.nl : Bas Coenen
sepsimon@gmail.com : Simon Jansen
s.marinkov@tue.nl : Sava Marinkov
s.v.d.dries@tue.nl : Sjoerd van den Dries
t.t.g.clephas@alumnus.tue.nl : Tim Clephas
tdejager89@gmail.com : Tim de Jager
t.j.j.derksen@student.tue.nl : Teun Derksen
tdejager89@gmail.com : Tim de Jager
w.geelen@student.tue.nl : Wouter Geelen
ziyang.d.lee@gmail.com : Ziyang Li
m.j.meijs@student.tue.nl : Mark Meijs
